id;cidade;destino;destino_normalizado;ponto_representativo;status;distancia_rota_km;distancia_reta_km;tempo_osrm_min;tempo_informado_min;diferenca_tempo_min;tarifa_por_km_brl;valor_bruto_brl;valor_minimo_brl;valor_anterior_brl;valor_calculado_brl;diferenca_valor_brl;regra_preco_aplicada;latitude_destino;longitude_destino;distancia_ponto_ate_via_osrm_m
1;Gaspar;Aguas Negras - 01;Aguas Negras - 01;Estrada Geral Aguas Negras (inicio/Figueira);OK;7,09;5,14;11,0;11;0,0;1,50;10,64;8,00;10,23;10,64;0,41;R$1,50_por_km;-26,912000;-48,988100;1,1
2;Gaspar;Aguas Negras - 02;Aguas Negras - 02;Estrada Geral Aguas Negras (meio);OK;8,81;6,93;14,2;14;0,2;1,50;13,22;8,00;12,81;13,22;0,41;R$1,50_por_km;-26,895000;-48,995000;8,2
3;Gaspar;Aguas Negras - 03;Aguas Negras - 03;Estrada Geral Aguas Negras (fim/fundos);OK;12,62;8,82;15,2;15;0,2;1,50;18,93;8,00;18,52;18,93;0,41;R$1,50_por_km;-26,878000;-49,002000;3,0
4;Gaspar;Alto Gasparinho;Alto Gasparinho;Alto Gasparinho (centro);OK;10,61;7,36;16,9;17;-0,1;1,50;15,92;8,00;16,32;15,92;-0,40;R$1,50_por_km;-27,005590;-48,961800;79,4
5;Gaspar;Arraial - 1;Arraial - 01;Estrada Geral do Arraial (inicio);OK;12,98;6,43;19,2;19;0,2;1,50;19,47;8,00;19,07;19,47;0,40;R$1,50_por_km;-26,885000;-48,965000;767,0
6;Gaspar;Arraial - 2;Arraial - 02;Estrada Geral do Arraial (meio);OK;14,33;8,76;20,2;20;0,2;1,50;21,50;8,00;21,09;21,50;0,41;R$1,50_por_km;-26,865000;-48,972000;257,6
7;Gaspar;Arraial D'ouro;Arraial D'Ouro;Arraial do Ouro;OK;15,90;9,70;22,6;22;0,6;1,50;23,85;8,00;18,34;23,85;5,51;R$1,50_por_km;-26,857280;-48,976130;70,2
8;Gaspar;Barracão;Barracão;Barracão (centro);OK;15,92;8,70;22,9;23;-0,1;1,50;23,88;8,00;19,19;23,88;4,69;R$1,50_por_km;-26,986860;-48,876610;442,8
9;Gaspar;Barracão - 02;Barracão - 02;Barracão (fundos/Rua João Barbieri);OK;14,32;11,41;16,5;17;-0,5;1,50;21,48;8,00;16,77;21,48;4,71;R$1,50_por_km;-27,015000;-48,868000;95,8
10;Gaspar;Bateias;Bateias;Bateias (centro);OK;9,40;6,95;12,0;12;0,0;1,50;14,10;8,00;14,50;14,10;-0,40;R$1,50_por_km;-26,995190;-48,913100;113,8
11;Gaspar;Bela Vista;Bela Vista;Bela Vista (centro);OK;9,39;7,50;14,6;14;0,6;1,50;14,09;8,00;13,68;14,09;0,41;R$1,50_por_km;-26,896640;-49,004760;9,7
12;Gaspar;Belchior - 1;Belchior - 01;Belchior (inicio/BR-470);OK;13,56;8,22;16,8;16;0,8;1,50;20,34;8,00;19,93;20,34;0,41;R$1,50_por_km;-26,885000;-49,002000;328,7
13;Gaspar;Belchior Alto;Belchior Alto;Belchior Alto (Cascanéia/divisa);OK;23,15;16,44;28,8;28;0,8;1,50;34,73;8,00;29,21;34,73;5,52;R$1,50_por_km;-26,808390;-49,021540;388,3
14;Gaspar;Belchior Baixo;Belchior Baixo;Belchior Baixo (centro);OK;12,54;9,44;16,0;16;0,0;1,50;18,81;8,00;18,41;18,81;0,40;R$1,50_por_km;-26,876410;-49,009630;55,4
15;Gaspar;Belchior Central;Belchior Central;Belchior Central;OK;16,23;12,87;18,5;18;0,5;1,50;24,35;8,00;18,81;24,35;5,54;R$1,50_por_km;-26,855750;-49,035560;14,2
16;Gaspar;Centro;Centro;Centro de Gaspar;OK;2,38;1,19;5,4;5;0,4;1,50;3,57;8,00;8,00;8,00;0,00;valor_minimo_R$8,00;-26,933100;-48,955880;22,5
17;Gaspar;Coloninha;Coloninha;Coloninha;OK;4,54;2,70;7,3;7;0,3;1,50;6,81;8,00;8,00;8,00;0,00;valor_minimo_R$8,00;-26,927960;-48,970690;77,5
18;Gaspar;Figueira;Figueira;Figueira;OK;8,06;5,44;12,4;12;0,4;1,50;12,09;8,00;11,69;12,09;0,40;R$1,50_por_km;-26,916210;-48,994930;39,5
19;Gaspar;Gaspar Alto;Gaspar Alto;Gaspar Alto;OK;18,30;12,02;29,5;30;-0,5;1,50;27,45;8,00;22,82;27,45;4,63;R$1,50_por_km;-27,016000;-49,034430;433,1
20;Gaspar;Gaspar Grande - 01;Gaspar Grande - 01;Rua Prefeito Leopoldo Schramm (inicio);OK;4,27;2,75;7,1;8;-0,9;1,50;6,41;8,00;8,00;8,00;0,00;valor_minimo_R$8,00;-26,938000;-48,975000;86,1
21;Gaspar;Gaspar Grande - 02;Gaspar Grande - 02;Colégio Frei Godofredo/meio;OK;6,80;4,30;11,2;11;0,2;1,50;10,20;8,00;10,68;10,20;-0,48;R$1,50_por_km;-26,948000;-48,990000;3,5
22;Gaspar;Gaspar Grande - 03;Gaspar Grande - 03;Sociedade Cruzeiro;OK;11,78;7,51;19,3;20;-0,7;1,50;17,67;8,00;18,15;17,67;-0,48;R$1,50_por_km;-26,959610;-49,020150;686,8
23;Gaspar;Gaspar Grande - 04;Gaspar Grande - 04;Cascata Carolina;OK;17,56;9,67;32,4;33;-0,6;1,50;26,34;8,00;21,71;26,34;4,63;R$1,50_por_km;-26,968000;-49,040000;74,8
24;Gaspar;Gaspar Grande - 05;Gaspar Grande - 05;Fim da Estrada Geral/Morro do Baú;OK;18,42;11,91;29,5;30;-0,5;1,50;27,63;8,00;23,01;27,63;4,62;R$1,50_por_km;-26,978000;-49,060000;37,5
25;Gaspar;Gaspar Mirim - 01;Gaspar Mirim - 01;Rua Frei Canísio (inicio);OK;0,85;0,49;1,6;2;-0,4;1,50;1,28;8,00;8,00;8,00;0,00;valor_minimo_R$8,00;-26,945000;-48,948000;97,5
26;Gaspar;Gaspar Mirim - 02;Gaspar Mirim - 02;Gaspar Mirim (centro);OK;1,58;1,31;2,4;3;-0,6;1,50;2,37;8,00;8,00;8,00;0,00;valor_minimo_R$8,00;-26,952430;-48,947150;66,1
27;Gaspar;Gasparinho - 01;Gasparinho - 01;Rua Frei Solano (inicio);OK;3,18;1,77;6,5;7;-0,5;1,50;4,77;8,00;8,00;8,00;0,00;valor_minimo_R$8,00;-26,938000;-48,965000;162,9
28;Gaspar;Gasparinho - 02;Gasparinho - 02;Capela Santo Antônio;OK;3,10;2,25;5,5;6;-0,5;1,50;4,65;8,00;8,00;8,00;0,00;valor_minimo_R$8,00;-26,946240;-48,969230;62,4
29;Gaspar;Gasparinho - 03;Gasparinho - 03;Rua Gasparinho (meio);OK;5,13;3,28;7,9;8;-0,1;1,50;7,70;8,00;8,12;8,00;-0,12;valor_minimo_R$8,00;-26,965000;-48,966000;52,4
30;Gaspar;Gasparinho - 04;Gasparinho - 04;Fazzenda Park Hotel;OK;9,26;5,17;14,8;15;-0,2;1,50;13,89;8,00;14,29;13,89;-0,40;R$1,50_por_km;-26,985000;-48,963000;492,9
31;Gaspar;Gasparinho - 05;Gasparinho - 05;Gasparinho Central;OK;9,79;6,44;14,8;15;-0,2;1,50;14,69;8,00;15,09;14,69;-0,40;R$1,50_por_km;-26,997490;-48,959890;72,6
32;Gaspar;Lagoa - 01;Lagoa - 01;Rua Lagoa (inicio);OK;8,15;4,08;11,8;11;0,8;1,50;12,23;8,00;11,82;12,23;0,41;R$1,50_por_km;-26,918000;-48,915000;196,8
33;Gaspar;Lagoa - 02;Lagoa - 02;Lagoa (centro);OK;11,99;6,13;21,9;22;-0,1;1,50;17,99;8,00;17,57;17,99;0,42;R$1,50_por_km;-26,904760;-48,900460;228,1
34;Gaspar;Lagoa - 03;Lagoa - 03;Lagoa (fundos/divisa);OK;14,53;8,37;15,9;16;-0,1;1,50;21,80;8,00;21,39;21,80;0,41;R$1,50_por_km;-26,890000;-48,885000;102,1
35;Gaspar;Macucos;Macucos;Macucos;OK;10,75;7,62;15,9;16;-0,1;1,50;16,13;8,00;16,53;16,13;-0,40;R$1,50_por_km;-26,957550;-48,872940;252,2
36;Gaspar;Margem Esquerda - 01;Margem Esquerda - 01;Ponte Hercílio Deeke;OK;3,53;2,14;5,6;5;0,6;1,50;5,30;8,00;8,00;8,00;0,00;valor_minimo_R$8,00;-26,925000;-48,960000;15,4
37;Gaspar;Margem Esquerda - 02;Margem Esquerda - 02;Margem Esquerda (centro);OK;10,07;4,15;13,3;13;0,3;1,50;15,11;8,00;14,70;15,11;0,41;R$1,50_por_km;-26,905300;-48,960730;145,0
38;Gaspar;Margem Esquerda - 03;Margem Esquerda - 03;Fundos/direcao Ilhota;OK;10,16;5,64;16,3;16;0,3;1,50;15,24;8,00;14,82;15,24;0,42;R$1,50_por_km;-26,890000;-48,950000;952,4
39;Gaspar;Óleo Grande;Óleo Grande;Óleo Grande;OK;15,63;9,83;19,5;20;-0,5;1,50;23,45;8,00;18,76;23,45;4,69;R$1,50_por_km;-26,978390;-48,857700;55,1
40;Gaspar;Pocinho;Pocinho;Pocinho/Ribeirão Pocinho;OK;17,25;11,11;21,6;21;0,6;1,50;25,88;8,00;20,36;25,88;5,52;R$1,50_por_km;-26,894670;-48,847940;764,5
41;Gaspar;Poço Grande - 01;Poço Grande - 01;Início da Rodovia Jorge Lacerda;OK;3,65;2,52;6,7;6;0,7;1,50;5,48;8,00;8,00;8,00;0,00;valor_minimo_R$8,00;-26,930000;-48,925000;175,4
42;Gaspar;Poço Grande - 02;Poço Grande - 02;Poço Grande (centro);OK;8,44;4,62;12,4;12;0,4;1,50;12,66;8,00;12,25;12,66;0,41;R$1,50_por_km;-26,921540;-48,906030;211,6
43;Gaspar;Poço Grande 03 -;Poço Grande - 03;Fundos do Poço Grande;OK;11,13;7,31;15,6;16;-0,4;1,50;16,70;8,00;17,12;16,70;-0,42;R$1,50_por_km;-26,945370;-48,873870;121,7
44;Gaspar;Santa Teresinha - 02;Santa Teresinha - 02;Rua Rodolfo Vieira Pamplona (meio);OK;2,33;1,24;4,0;4;0,0;1,50;3,50;8,00;8,00;8,00;0,00;valor_minimo_R$8,00;-26,942000;-48,935000;11,5
45;Gaspar;Santa Teresinha - 03;Santa Teresinha - 03;Santa Terezinha (leste);OK;3,51;2,30;5,8;5;0,8;1,50;5,27;8,00;8,00;8,00;0,00;valor_minimo_R$8,00;-26,946160;-48,925100;132,6
46;Gaspar;Santa Terezinha;Santa Terezinha;Base/ponto zero da regiao;OK;0,27;0,26;0,4;1;-0,6;1,50;0,41;8,00;8,00;8,00;0,00;valor_minimo_R$8,00;-26,938500;-48,946500;11,5
47;Gaspar;Sertão Verde;Sertão Verde;Sertão Verde;OK;6,44;3,95;9,3;9;0,3;1,50;9,66;8,00;9,25;9,66;0,41;R$1,50_por_km;-26,913020;-48,972450;18,8
48;Gaspar;Sete de Setembro;Sete de Setembro;Sete de Setembro;OK;2,51;1,55;4,5;4;0,5;1,50;3,77;8,00;8,00;8,00;0,00;valor_minimo_R$8,00;-26,927470;-48,942460;52,0
